
[{
    "title": "Operação do Veículo",
    "scores": [{
        "type": "Carregador",
        "score": "[On / Off]"
    }, {
        "type": "Modo de Carga",
        "score": "[On / Off]"
    }, {
        "type": "Limitador de potência",
        "score": "[On / Off]"
    }, {
        "type": "Modo econômico",
        "score": "[On / Off]"
    }, {
        "type": "Falha Elétrica",
        "score": "0"
    }, {
        "type": "Falha Refrigeração",
        "score": "0"
    }, {
        "type": "Odometro",
        "score": "99999 km"
    }]	
}]