[{
    "title": "INFO_SUMMARY",
    "scores": [{
        "type": "DATE_TIME",
        "score": "14-01-2021 13:44:27"
    }, {
        "type": "Odometro",
        "score": "108.536.5 km"
    }, {
        "type": "Horas de motor ligado",
        "score": "2193:51:00"
    }, {
        "type": "Voltagem da Bateria",
        "score": "27.0 V"
    }, {
        "type": "Nivel da Bateria",
        "score": "97.2 %"
    }, {
        "type": "Autonomia",
        "score": "664 km"
    }, {
        "type": "Tempo estimado próxima recarga",
        "score": "10h 36m"
    }]	
}]