
{
		"data": [{
			"vehicle": "MN51 - P25",
			"chassi": "9539B8TJ2LR999284",
			"bateryLevel": "92%",
			"autonomy": "664",
			"status": "Carregando",
			"latitude": -22.458069,
			"longitude": -44.42378

		}, {
			"vehicle": "17-230 OD - BEPOBUS CITTA",
			"chassi": "9532G82WXLR028369",
			"bateryLevel": "98%",
			"autonomy": "754",
			"status": "Operando",
			"latitude": -22.430096,
			"longitude": -44.355648
		}, {
			"vehicle": "17-230 OD",
			"chassi": "536T8274FR501273",
			"bateryLevel": "54%",
			"autonomy": "386",
			"status": "Carregando",
			"latitude": -22.430328,
			"longitude": -44.355602
		}, {
			"vehicle": "M67",
			"chassi": "95311111111111112",
			"bateryLevel": "28%",
			"autonomy": "188",
			"status": "Operando",
			"latitude": -22.455128,
			"longitude": -44.38946
		}, {
			"vehicle": "C787",
			"chassi": "539B8TJ1KR999274",
			"bateryLevel": "14%",
			"autonomy": "99",
			"status": "Carregando",
			"latitude": -22.458069,
			"longitude": -44.42378
		}
		]
	}
	
