{
	"data": [{
		"vehicleId": "f07e7218-e7c0-486a-af4e-cef7a1b9405d",
		"vehicle": "MN51 - P25",
		"chassis": "9539B8TJ2LR999284",
		"nextService": "-",
		"criticalAlerts": 534,
		"attentionAlerts": 519,
		"distanceFromDealership": "8.4 km",
		"status": "OPERATING_NORMALLY",
		"lastUpdate": "2020-12-22 19:01:50.706",
		"dealershipName": "Transrio Cam. Onib. Maq. e Motores",
		"dealershipCity": "Resende"
	}, {
		"vehicleId": "25cbebae-5f44-427e-b92f-af82e13595e2",
		"vehicle": "17-230 OD – BEPOBUS CITTA",
		"chassis": "9532G82WXLR028369",
		"nextService": "117,983 km",
		"criticalAlerts": 2,
		"attentionAlerts": 74,
		"distanceFromDealership": "1.3 km",
		"status": "OPERATING_NORMALLY",
		"lastUpdate": "2020-12-22 19:28:09.426",
		"dealershipName": "Tiete Veiculos S.A.",
		"dealershipCity": "Sao Paulo"
	}, {
		"vehicleId": "25fa74ef-2b1e-4f23-a413-71fac68f4130",
		"vehicle": "9536T8274FR501273 teste do performance",
		"chassis": "9536T8274FR501273",
		"nextService": "-",
		"criticalAlerts": 0,
		"attentionAlerts": 0,
		"distanceFromDealership": "6.5 km",
		"status": "OPERATING_NORMALLY",
		"lastUpdate": "2020-12-08 22:47:47.948",
		"dealershipName": "Breitkopf Caminhoes",
		"dealershipCity": "Joinville"
	}, {
		"vehicleId": "c115ecbc-c5d0-4827-9e14-95c57ea43cc8",
		"vehicle": "95311111111111112 tes te do grafico do osmar ",
		"chassis": "95311111111111112",
		"nextService": "-",
		"criticalAlerts": 0,
		"attentionAlerts": 0,
		"distanceFromDealership": "1.7 km",
		"status": "OPERATING_NORMALLY",
		"lastUpdate": "2020-11-10 20:16:59.966",
		"dealershipName": "Dibracam Comercial",
		"dealershipCity": "Santo Andre"
	}, {
		"vehicleId": "1bc43533-3321-4072-8bd6-b408827a4aeb",
		"vehicle": "MN44 - P25",
		"chassis": "9539B8TJ1KR999274",
		"nextService": "-",
		"criticalAlerts": 0,
		"attentionAlerts": 0,
		"distanceFromDealership": "8.5 km",
		"status": "OPERATING_NORMALLY",
		"lastUpdate": "2020-12-08 18:57:06.897",
		"dealershipName": "Abolicao Caminhoes e Onibus",
		"dealershipCity": "Teresopolis"
	}, {
		"vehicleId": "a20f40ac-cb0b-4a27-b965-c0b55aabdeb6",
		"vehicle": "BEV-08",
		"chassis": "9535V6TB8LR020077",
		"nextService": "-",
		"criticalAlerts": 0,
		"attentionAlerts": 0,
		"distanceFromDealership": "27.6 km",
		"status": "OPERATING_NORMALLY",
		"lastUpdate": "2020-10-22 13:41:46.979",
		"dealershipName": "Transrio Cam. Onib. Maq. e Motores",
		"dealershipCity": "Resende"
	}, {
		"vehicleId": "ce979867-a57f-46c1-992d-a493183fe142",
		"vehicle": "VW515 - 19.360 Astronic ",
		"chassis": "9536R8272LR025308",
		"nextService": "17,730 km",
		"criticalAlerts": 0,
		"attentionAlerts": 0,
		"distanceFromDealership": "8.3 km",
		"status": "OPERATING_NORMALLY",
		"lastUpdate": "2020-12-15 20:06:25.203",
		"dealershipName": "Transrio Cam. Onib. Maq. e Motores",
		"dealershipCity": "Resende"
	}, {
		"vehicleId": "17b364d2-c2b7-4c2b-9063-916e18d70003",
		"vehicle": "MN67 - P25",
		"chassis": "953998TH1MR100005",
		"nextService": "-",
		"criticalAlerts": 0,
		"attentionAlerts": 2,
		"distanceFromDealership": "5.9 km",
		"status": "OPERATING_NORMALLY",
		"lastUpdate": "2020-12-22 19:28:11.331",
		"dealershipName": "Transrio Cam. Onib. Maq. e Motores",
		"dealershipCity": "Resende"
	}],
	"total": 8
}