<?xml version="1.0" encoding="UTF-8"?>
<configuration>
    <appender name="Console" class="ch.qos.logback.core.ConsoleAppender">
        <filter class="routefence_common.cloud.rio.latam_routefence.config.LogFilter"/>
        <encoder class="net.logstash.logback.encoder.LoggingEventCompositeJsonEncoder">
            <providers>
                <timestamp>
                    <fieldName>timestamp</fieldName>
                </timestamp>
                <logLevel/>
                <message/>
                <pattern>
                    <pattern>
                        {
                        "logger": {
                        "name": "%logger",
                        "method_name": "%method",
                        "thread_name": "%thread",
                        "file": "%file",
                        "line": "%line"
                        }
                        }
                    </pattern>
                </pattern>
                <nestedField>
                    <fieldName>error</fieldName>
                    <providers>
                        <throwableClassName>
                            <fieldName>kind</fieldName>
                            <useSimpleClassName>false</useSimpleClassName>
                        </throwableClassName>
                        <stackTrace>
                            <fieldName>stack</fieldName>
                        </stackTrace>
                    </providers>
                </nestedField>
            </providers>
        </encoder>
    </appender>

    <logger name="cloud.rio" level="info" additivity="false">
        <appender-ref ref="Console"/>
    </logger>
    <root level="info">
        <appender-ref ref="Console"/>
    </root>
</configuration>